{"train/loss": 0.5472, "train/grad_norm": 4.681984901428223, "train/learning_rate": 2.9999999999999997e-05, "train/epoch": 1.0, "train/global_step": 260, "_timestamp": 1711455532.6308067, "_runtime": 566.8591675758362, "_step": 53, "eval/loss": 0.545216977596283, "eval/accuracy": 0.6719817767653758, "eval/runtime": 6.9429, "eval/samples_per_second": 63.23, "eval/steps_per_second": 15.844, "train/train_runtime": 561.303, "train/train_samples_per_second": 14.826, "train/train_steps_per_second": 0.463, "train/total_flos": 0.0, "train/train_loss": 0.6803205416752742, "_wandb": {"runtime": 565}}