{"train/loss": 0.8242, "train/grad_norm": 11.340386390686035, "train/learning_rate": 4.375e-08, "train/epoch": 1.0, "train/global_step": 260, "_timestamp": 1711447689.4468546, "_runtime": 675.9107546806335, "_step": 53, "eval/loss": 0.7698143124580383, "eval/accuracy": 0.5535307517084282, "eval/runtime": 6.9719, "eval/samples_per_second": 62.967, "eval/steps_per_second": 15.778, "train/train_runtime": 670.3672, "train/train_samples_per_second": 12.414, "train/train_steps_per_second": 0.388, "train/total_flos": 0.0, "train/train_loss": 0.8003624971096333, "_wandb": {"runtime": 674}}