{
    "epoch": 1.0,
    "eval_accuracy": 0.5489749430523918,
    "eval_loss": 1.0014163255691528,
    "eval_runtime": 6.874,
    "eval_samples_per_second": 63.864,
    "eval_steps_per_second": 16.002,
    "train_loss": 1.0141276579636793,
    "train_runtime": 561.3353,
    "train_samples_per_second": 14.825,
    "train_steps_per_second": 0.463
}