{"train/loss": 1.004, "train/grad_norm": 12.863905906677246, "train/learning_rate": 1.3134251542544771e-09, "train/epoch": 1.0, "train/global_step": 260, "_timestamp": 1711364323.2803152, "_runtime": 569.7154130935669, "_step": 53, "eval/loss": 0.982215404510498, "eval/accuracy": 0.5535307517084282, "eval/runtime": 6.8592, "eval/samples_per_second": 64.002, "eval/steps_per_second": 16.037, "train/train_runtime": 564.2601, "train/train_samples_per_second": 14.749, "train/train_steps_per_second": 0.461, "train/total_flos": 0.0, "train/train_loss": 1.0018853224240816, "_wandb": {"runtime": 568}}