{"train/loss": 1.2545, "train/grad_norm": 36.85879898071289, "train/learning_rate": 9.0994510360487e-11, "train/epoch": 1.0, "train/global_step": 1976, "_timestamp": 1709269510.5099914, "_runtime": 5568.601367473602, "_step": 237, "eval/loss": 0.987868070602417, "eval/accuracy": 0.4580335731414868, "eval/runtime": 61.0332, "eval/samples_per_second": 6.832, "eval/steps_per_second": 0.868, "train/train_runtime": 5508.4893, "train/train_samples_per_second": 1.435, "train/train_steps_per_second": 0.359, "train/total_flos": 0.0, "train/train_loss": 1.3122564701416233, "_wandb": {"runtime": 5567}}