{
    "epoch": 1.0,
    "eval_accuracy": 0.5059952038369304,
    "eval_loss": 0.7293945550918579,
    "eval_runtime": 64.1131,
    "eval_samples_per_second": 6.504,
    "eval_steps_per_second": 0.827,
    "train_loss": 0.7789527940364019,
    "train_runtime": 6070.638,
    "train_samples_per_second": 1.302,
    "train_steps_per_second": 0.326
}