{"train/loss": 0.5695, "train/grad_norm": 4.16090202331543, "train/learning_rate": 7.826086956521738e-06, "train/epoch": 1.0, "train/global_step": 260, "_timestamp": 1711453828.9629211, "_runtime": 567.9332070350647, "_step": 53, "eval/loss": 0.5615816712379456, "eval/accuracy": 0.6537585421412301, "eval/runtime": 6.9067, "eval/samples_per_second": 63.561, "eval/steps_per_second": 15.927, "train/train_runtime": 562.4658, "train/train_samples_per_second": 14.796, "train/train_steps_per_second": 0.462, "train/total_flos": 0.0, "train/train_loss": 0.6576622064297016, "_wandb": {"runtime": 566}}