{"train/loss": 0.4306, "train/grad_norm": 4.350076675415039, "train/learning_rate": 3.9999999999999996e-05, "train/epoch": 1.0, "train/global_step": 260, "_timestamp": 1711460726.9786854, "_runtime": 1804.3881123065948, "_step": 53, "eval/loss": 0.41248494386672974, "eval/accuracy": 0.765375854214123, "eval/runtime": 18.3378, "eval/samples_per_second": 23.94, "eval/steps_per_second": 5.999, "train/train_runtime": 1787.5373, "train/train_samples_per_second": 4.656, "train/train_steps_per_second": 0.145, "train/total_flos": 0.0, "train/train_loss": 0.7084036845427293, "_wandb": {"runtime": 1801}}