{"train/loss": 0.5635, "train/grad_norm": 4.66789436340332, "train/learning_rate": 1.9090909090909087e-05, "train/epoch": 1.0, "train/global_step": 260, "_timestamp": 1711454664.1360183, "_runtime": 563.4399163722992, "_step": 53, "eval/loss": 0.5582526326179504, "eval/accuracy": 0.683371298405467, "eval/runtime": 6.9113, "eval/samples_per_second": 63.52, "eval/steps_per_second": 15.916, "train/train_runtime": 558.2994, "train/train_samples_per_second": 14.906, "train/train_steps_per_second": 0.466, "train/total_flos": 0.0, "train/train_loss": 0.6739136310724112, "_wandb": {"runtime": 562}}