{
    "epoch": 1.0,
    "eval_accuracy": 0.5558086560364465,
    "eval_loss": 0.9820521473884583,
    "eval_runtime": 6.8705,
    "eval_samples_per_second": 63.897,
    "eval_steps_per_second": 16.011
}