{"train/loss": 0.624, "train/grad_norm": 5.841460704803467, "train/learning_rate": 5e-06, "train/epoch": 1.0, "train/global_step": 260, "_timestamp": 1711450011.0420673, "_runtime": 557.0148422718048, "_step": 53, "eval/loss": 0.618077278137207, "eval/accuracy": 0.6036446469248291, "eval/runtime": 6.9015, "eval/samples_per_second": 63.609, "eval/steps_per_second": 15.939, "train/train_runtime": 551.4334, "train/train_samples_per_second": 15.092, "train/train_steps_per_second": 0.471, "train/total_flos": 0.0, "train/train_loss": 0.7100525507560143, "_wandb": {"runtime": 555}}