{
    "epoch": 1.0,
    "eval_accuracy": 0.5535307517084282,
    "eval_loss": 0.982215404510498,
    "eval_runtime": 6.8592,
    "eval_samples_per_second": 64.002,
    "eval_steps_per_second": 16.037
}