{
    "epoch": 1.0,
    "eval_accuracy": 0.5763097949886105,
    "eval_loss": 0.7139436602592468,
    "eval_runtime": 6.9129,
    "eval_samples_per_second": 63.504,
    "eval_steps_per_second": 15.912
}