{"train/loss": 0.6924, "train/grad_norm": 3.694467067718506, "train/learning_rate": 1.9999999999999998e-05, "train/epoch": 1.0, "train/global_step": 260, "_timestamp": 1711619680.2312262, "_runtime": 2964.791732311249, "_step": 53, "eval/loss": 0.7016071677207947, "eval/accuracy": 0.5034168564920274, "eval/runtime": 36.0653, "eval/samples_per_second": 12.172, "eval/steps_per_second": 6.1, "train/train_runtime": 2930.4417, "train/train_samples_per_second": 2.84, "train/train_steps_per_second": 0.089, "train/total_flos": 0.0, "train/train_loss": 0.703682330938486, "_wandb": {"runtime": 2963}}