{"train/loss": 1.0068, "train/grad_norm": 13.125082969665527, "train/learning_rate": 3.125e-08, "train/epoch": 1.0, "train/global_step": 260, "_timestamp": 1711367697.5235503, "_runtime": 574.4962782859802, "_step": 53, "eval/loss": 0.9820521473884583, "eval/accuracy": 0.5558086560364465, "eval/runtime": 6.8705, "eval/samples_per_second": 63.897, "eval/steps_per_second": 16.011, "train/train_runtime": 569.0319, "train/train_samples_per_second": 14.625, "train/train_steps_per_second": 0.457, "train/total_flos": 0.0, "train/train_loss": 1.0077064404120812, "_wandb": {"runtime": 572}}