{"train/loss": 0.9888, "train/grad_norm": 12.515942573547363, "train/learning_rate": 4.6875e-08, "train/epoch": 1.0, "train/global_step": 260, "_timestamp": 1711370631.7822168, "_runtime": 571.8942968845367, "_step": 53, "eval/loss": 0.9624211192131042, "eval/accuracy": 0.5535307517084282, "eval/runtime": 6.8789, "eval/samples_per_second": 63.818, "eval/steps_per_second": 15.991, "train/train_runtime": 566.4072, "train/train_samples_per_second": 14.693, "train/train_steps_per_second": 0.459, "train/total_flos": 0.0, "train/train_loss": 0.9986262945028451, "_wandb": {"runtime": 570}}