{"train/loss": 0.8212, "train/grad_norm": 14.44513988494873, "train/learning_rate": 6.5625e-08, "train/epoch": 1.0, "train/global_step": 260, "_timestamp": 1711445025.7135024, "_runtime": 605.0549273490906, "_step": 53, "eval/loss": 0.7660221457481384, "eval/accuracy": 0.5580865603644647, "eval/runtime": 9.3192, "eval/samples_per_second": 47.107, "eval/steps_per_second": 11.804, "train/train_runtime": 597.0422, "train/train_samples_per_second": 13.939, "train/train_steps_per_second": 0.435, "train/total_flos": 0.0, "train/train_loss": 0.798309511404771, "_wandb": {"runtime": 603}}