{"train/loss": 1.0223, "train/grad_norm": 13.121512413024902, "train/learning_rate": 1.1538461538461538e-08, "train/epoch": 1.0, "train/global_step": 260, "_timestamp": 1711369483.5754166, "_runtime": 566.8269336223602, "_step": 53, "eval/loss": 1.0014163255691528, "eval/accuracy": 0.5489749430523918, "eval/runtime": 6.874, "eval/samples_per_second": 63.864, "eval/steps_per_second": 16.002, "train/train_runtime": 561.3353, "train/train_samples_per_second": 14.825, "train/train_steps_per_second": 0.463, "train/total_flos": 0.0, "train/train_loss": 1.0141276579636793, "_wandb": {"runtime": 565}}