{"train/loss": 0.831, "train/grad_norm": 12.267457008361816, "train/learning_rate": 5e-09, "train/epoch": 1.0, "train/global_step": 260, "_timestamp": 1711448479.6413543, "_runtime": 570.8856682777405, "_step": 53, "eval/loss": 0.7758409380912781, "eval/accuracy": 0.5535307517084282, "eval/runtime": 6.9267, "eval/samples_per_second": 63.378, "eval/steps_per_second": 15.881, "train/train_runtime": 565.3084, "train/train_samples_per_second": 14.721, "train/train_steps_per_second": 0.46, "train/total_flos": 0.0, "train/train_loss": 0.8026979501430805, "_wandb": {"runtime": 569}}