{"train/loss": 0.9789, "train/grad_norm": 10.318662643432617, "train/learning_rate": 1.0931863906127325e-09, "train/epoch": 1.0, "train/global_step": 475, "_timestamp": 1709175293.1247675, "_runtime": 1028.4773445129395, "_step": 57, "eval/loss": 0.9209610223770142, "eval/accuracy": 0.45, "eval/runtime": 15.9626, "eval/samples_per_second": 6.265, "eval/steps_per_second": 0.814, "train/train_runtime": 1013.6021, "train/train_samples_per_second": 1.875, "train/train_steps_per_second": 0.469, "train/total_flos": 0.0, "train/train_loss": 1.0691215836374384, "_wandb": {"runtime": 1027}}