{"train/loss": 0.7714, "train/grad_norm": 7.534646987915039, "train/learning_rate": 3.75e-07, "train/epoch": 1.0, "train/global_step": 260, "_timestamp": 1711449272.1864824, "_runtime": 559.350917339325, "_step": 53, "eval/loss": 0.7139436602592468, "eval/accuracy": 0.5763097949886105, "eval/runtime": 6.9129, "eval/samples_per_second": 63.504, "eval/steps_per_second": 15.912, "train/train_runtime": 553.809, "train/train_samples_per_second": 15.027, "train/train_steps_per_second": 0.469, "train/total_flos": 0.0, "train/train_loss": 0.7765658617019653, "_wandb": {"runtime": 558}}