{"train/loss": 0.6135, "train/grad_norm": 9.161845207214355, "train/learning_rate": 4.375e-05, "train/epoch": 1.0, "train/global_step": 260, "_timestamp": 1711450740.3163242, "_runtime": 561.7385892868042, "_step": 53, "eval/loss": 0.6010181307792664, "eval/accuracy": 0.5785876993166287, "eval/runtime": 6.899, "eval/samples_per_second": 63.632, "eval/steps_per_second": 15.944, "train/train_runtime": 556.2462, "train/train_samples_per_second": 14.961, "train/train_steps_per_second": 0.467, "train/total_flos": 0.0, "train/train_loss": 0.682125003521259, "_wandb": {"runtime": 560}}