{"train/loss": 0.5748, "train/grad_norm": 3.895998001098633, "train/learning_rate": 8.571428571428571e-06, "train/epoch": 1.0, "train/global_step": 260, "_timestamp": 1711453012.5280852, "_runtime": 566.3068192005157, "_step": 53, "eval/loss": 0.5576226115226746, "eval/accuracy": 0.6788154897494305, "eval/runtime": 6.9028, "eval/samples_per_second": 63.598, "eval/steps_per_second": 15.936, "train/train_runtime": 560.8425, "train/train_samples_per_second": 14.838, "train/train_steps_per_second": 0.464, "train/total_flos": 0.0, "train/train_loss": 0.6602592816719642, "_wandb": {"runtime": 565}}