{"train/loss": 0.8073, "train/grad_norm": 7.26255464553833, "train/learning_rate": 5.118509132490123e-11, "train/epoch": 1.0, "train/global_step": 1976, "_timestamp": 1709269961.8939195, "_runtime": 6133.709470510483, "_step": 237, "eval/loss": 0.7293945550918579, "eval/accuracy": 0.5059952038369304, "eval/runtime": 64.1131, "eval/samples_per_second": 6.504, "eval/steps_per_second": 0.827, "train/train_runtime": 6070.638, "train/train_samples_per_second": 1.302, "train/train_steps_per_second": 0.326, "train/total_flos": 0.0, "train/train_loss": 0.7789527940364019, "_wandb": {"runtime": 6132}}