{
    "epoch": 1.0,
    "eval_accuracy": 0.7608200455580866,
    "eval_loss": 0.44265106320381165,
    "eval_runtime": 23.1478,
    "eval_samples_per_second": 18.965,
    "eval_steps_per_second": 4.752
}