{"train/loss": 0.9857, "train/grad_norm": 10.699216842651367, "train/learning_rate": 9.12222888341252e-10, "train/epoch": 1.0, "train/global_step": 260, "_timestamp": 1711362139.5442367, "_runtime": 568.8854367733002, "_step": 53, "eval/loss": 0.9459625482559204, "eval/accuracy": 0.5466970387243736, "eval/runtime": 6.9048, "eval/samples_per_second": 63.579, "eval/steps_per_second": 15.931, "train/train_runtime": 562.9471, "train/train_samples_per_second": 14.783, "train/train_steps_per_second": 0.462, "train/total_flos": 0.0, "train/train_loss": 1.0037430653205284, "_wandb": {"runtime": 567}}