{"train/loss": 1.3017, "train/grad_norm": 32.48925018310547, "train/learning_rate": 2.053111864491752e-11, "train/epoch": 1.0, "train/global_step": 2080, "_timestamp": 1709191965.21029, "_runtime": 6159.256006002426, "_step": 250, "eval/loss": 0.9963194131851196, "eval/accuracy": 0.4646924829157175, "eval/runtime": 66.5756, "eval/samples_per_second": 6.594, "eval/steps_per_second": 0.826, "train/train_runtime": 6093.4571, "train/train_samples_per_second": 1.366, "train/train_steps_per_second": 0.341, "train/total_flos": 0.0, "train/train_loss": 1.2968639878126291, "_wandb": {"runtime": 6158}}