{
    "epoch": 1.0,
    "eval_accuracy": 0.5535307517084282,
    "eval_loss": 0.9624211192131042,
    "eval_runtime": 6.8789,
    "eval_samples_per_second": 63.818,
    "eval_steps_per_second": 15.991
}