{
    "epoch": 1.0,
    "eval_accuracy": 0.6788154897494305,
    "eval_loss": 0.5576226115226746,
    "eval_runtime": 6.9028,
    "eval_samples_per_second": 63.598,
    "eval_steps_per_second": 15.936
}