{
    "epoch": 1.0,
    "eval_accuracy": 0.6651480637813212,
    "eval_loss": 0.5650850534439087,
    "eval_runtime": 6.9052,
    "eval_samples_per_second": 63.576,
    "eval_steps_per_second": 15.93
}