{"train/loss": 0.4673, "train/grad_norm": 3.695354461669922, "train/learning_rate": 1.4999999999999999e-05, "train/epoch": 1.0, "train/global_step": 260, "_timestamp": 1711458268.9227629, "_runtime": 1932.9687509536743, "_step": 53, "eval/loss": 0.44265106320381165, "eval/accuracy": 0.7608200455580866, "eval/runtime": 23.1478, "eval/samples_per_second": 18.965, "eval/steps_per_second": 4.752, "train/train_runtime": 1912.1032, "train/train_samples_per_second": 4.352, "train/train_steps_per_second": 0.136, "train/total_flos": 0.0, "train/train_loss": 0.5779823468281673, "_wandb": {"runtime": 1930}}