{"train/loss": 0.5846, "train/grad_norm": 15.00238037109375, "train/learning_rate": 1.9999999999999998e-05, "train/epoch": 1.0, "train/global_step": 260, "_timestamp": 1711463320.1066108, "_runtime": 1539.2738716602325, "_step": 53, "eval/loss": 0.561337947845459, "eval/accuracy": 0.6719817767653758, "eval/runtime": 19.6781, "eval/samples_per_second": 22.309, "eval/steps_per_second": 5.59, "train/train_runtime": 1521.2082, "train/train_samples_per_second": 5.471, "train/train_steps_per_second": 0.171, "train/total_flos": 0.0, "train/train_loss": 0.7483934494165274, "_wandb": {"runtime": 1538}}