{"train/loss": 0.6155, "train/grad_norm": 4.2864766120910645, "train/learning_rate": 2.2499999999999998e-05, "train/epoch": 1.0, "train/global_step": 260, "_timestamp": 1711452235.6563287, "_runtime": 566.2011427879333, "_step": 53, "eval/loss": 0.5898386836051941, "eval/accuracy": 0.6651480637813212, "eval/runtime": 6.8965, "eval/samples_per_second": 63.655, "eval/steps_per_second": 15.95, "train/train_runtime": 560.5748, "train/train_samples_per_second": 14.845, "train/train_steps_per_second": 0.464, "train/total_flos": 0.0, "train/train_loss": 0.6930343187772311, "_wandb": {"runtime": 565}}