{"train/loss": 0.9095, "train/grad_norm": 10.09215259552002, "train/learning_rate": 1.4599295990352922e-10, "train/epoch": 3.0, "train/global_step": 780, "_timestamp": 1711366181.0681255, "_runtime": 1672.9814195632935, "_step": 157, "eval/loss": 0.9023142457008362, "eval/accuracy": 0.5535307517084282, "eval/runtime": 6.8714, "eval/samples_per_second": 63.888, "eval/steps_per_second": 16.008, "train/train_runtime": 1667.4633, "train/train_samples_per_second": 14.972, "train/train_steps_per_second": 0.468, "train/total_flos": 0.0, "train/train_loss": 0.9521622572189722, "_wandb": {"runtime": 1671}}