{"train/loss": 0.5709, "train/grad_norm": 4.125354290008545, "train/learning_rate": 1.1249999999999999e-05, "train/epoch": 1.0, "train/global_step": 260, "_timestamp": 1711451512.8761933, "_runtime": 568.4140522480011, "_step": 53, "eval/loss": 0.5650850534439087, "eval/accuracy": 0.6651480637813212, "eval/runtime": 6.9052, "eval/samples_per_second": 63.576, "eval/steps_per_second": 15.93, "train/train_runtime": 562.9095, "train/train_samples_per_second": 14.784, "train/train_steps_per_second": 0.462, "train/total_flos": 0.0, "train/train_loss": 0.6758639445671668, "_wandb": {"runtime": 567}}