{
    "epoch": 1.0,
    "eval_accuracy": 0.6036446469248291,
    "eval_loss": 0.618077278137207,
    "eval_runtime": 6.9015,
    "eval_samples_per_second": 63.609,
    "eval_steps_per_second": 15.939
}